<?xml version="1.0" encoding="ISO-8859-1"?>
<monster name="Drillworm" nameDescription="a drillworm" race="venom" experience="858" speed="220">
	<health now="1500" max="1500"/>
	<look type="527" corpse="19705"/>
	<targetchange interval="4000" chance="20"/>
	<flags>
		<flag summonable="0"/>
		<flag attackable="1"/>
		<flag hostile="1"/>
		<flag illusionable="0"/>
		<flag convinceable="0"/>
		<flag pushable="0"/>
		<flag canpushitems="1"/>
		<flag canpushcreatures="1"/>
		<flag targetdistance="1"/>
		<flag staticattack="90"/>
		<flag runonhealth="0"/>
		<flag canwalkonfire="0"/>
	</flags>
	<attacks>
		<attack name="melee" interval="2000" min="0" max="-300" poison="100"/>
		<attack name="speed" interval="2000" chance="15" length="8" spread="0" target="0" speedchange="-600" duration="15000">
			<attribute key="areaEffect" value="redshimmer"/>
		</attack>
		<attack name="earth" interval="2000" chance="10" length="8" spread="0" min="-150" max="-300">
			<attribute key="areaEffect" value="greenspark"/>
		</attack>
		<attack name="earth" interval="2000" chance="15" radius="3" target="1" min="-100" max="-150">
			<attribute key="areaEffect" value="poison"/>
		</attack>
	</attacks>
	<defenses armor="35" defense="35"/>
	<elements>
		<element energyPercent="15"/>
		<element icePercent="16"/>
		<element holyPercent="25"/>
		<element deathPercent="15"/>
		<element firePercent="-5"/>
	</elements>
	<immunities>
		<immunity earth="1"/>
		<immunity paralyze="1"/>
		<immunity invisible="1"/>
	</immunities>
	<voices interval="5000" chance="10">
		<voice sentence="Knarrrk!"/>
		<voice sentence="Krrrk!"/>
	</voices>
	<loot>
		<item name="gold coin" countmax="100" chance="50000"/>
		<item name="gold coin" countmax="50" chance="50000"/>
		<item id="2553" chance="5280"/><!-- pick -->
		<item name="worm" countmax="5" chance="4580"/>
		<item name="iron ore" chance="1750"/>
		<item name="spiked squelcher" chance="540"/>
		<item name="terra amulet" chance="2360"/>
		<item name="lump of earth" chance="15000"/>
		<item name="clay lump" chance="700"/>
		<item id="13757" chance="12130"/><!-- Coal -->
		<item name="green crystal splinter" chance="9780"/>
		<item name="brown crystal splinter" chance="9260"/>
		<item name="blue crystal splinter" chance="9610"/>
		<item name="pulverized ore" chance="5400"/>
		<item name="vein of ore" chance="7280"/>
		<item name="drill bolt" countmax="2" chance="4870"/>
	</loot>
</monster>
