<?xml version="1.0" encoding="UTF-8"?>
<monster name="Force Field" nameDescription="a force field" race="undead" experience="0" speed="0">
	<health now="10000" max="10000"/>
	<look typeex="11098"/>
	<targetchange interval="5000" chance="8"/>
	<flags>
		<flag summonable="0"/>
		<flag attackable="1"/>
		<flag hostile="1"/>
		<flag illusionable="0"/>
		<flag convinceable="0"/>
		<flag pushable="0"/>
		<flag canpushitems="1"/>
		<flag canpushcreatures="1"/>
		<flag targetdistance="1"/>
		<flag staticattack="90"/>
		<flag runonhealth="0"/>
	</flags>
	<defenses armor="28" defense="33"/>
	<immunities>
		<immunity physical="1"/>
		<immunity energy="1"/>
		<immunity fire="1"/>
		<immunity earth="1"/>
		<immunity ice="1"/>
		<immunity holy="1"/>
		<immunity death="1"/>
		<immunity lifedrain="1"/>
		<immunity manadrain="1"/>
		<immunity paralyze="1"/>
		<immunity drunk="1"/>
		<immunity outfit="1"/>
		<immunity invisible="1"/>
	</immunities>
</monster>
