<?xml version="1.0" encoding="UTF-8"?>
<monster name="Grand Commander Soeren" nameDescription="Grand Commander Soeren" race="blood" experience="10000" speed="210" script="rewardboss.lua">
	<health now="17000" max="17000"/>
	<look type="1071" head="38" body="94" legs="38" feet="86" addons="2" corpse="32426"/>
	<targetchange interval="5000" chance="8"/>
	<flags>
		<flag rewardboss="1"/>
		<flag summonable="0"/>
		<flag attackable="1"/>
		<flag hostile="1"/>
		<flag illusionable="0"/>
		<flag convinceable="0"/>
		<flag pushable="0"/>
		<flag canpushitems="1"/>
		<flag canpushcreatures="1"/>
		<flag targetdistance="1"/>
		<flag staticattack="70"/>
		<flag runonhealth="0"/>
		<flag canwalkonenergy="0"/>
		<flag canwalkonfire="0"/>
		<flag canwalkonpoison="0"/>
	</flags>
	<attacks>
		<attack name="melee" interval="2000" min="-150" max="-700"/>
		<attack name="physical" interval="2000" chance="20" range="7" min="-200" max="-720">
			<attribute key="shootEffect" value="royalspear"/>
		</attack>
		<attack name="holy" interval="1000" chance="14" length="8" spread="0" min="-500" max="-1000">
			<attribute key="areaEffect" value="yellowspark"/>
		</attack>
	</attacks>
	<defenses armor="82" defense="50">
		<defense name="healing" interval="2000" chance="20" min="200" max="650">
			<attribute key="areaEffect" value="blueshimmer"/>
		</defense>
	</defenses>
	<elements>
		<element physicalPercent="50"/>
		<element deathPercent="55"/>
	</elements>
	<immunities>
		<immunity paralyze="1"/>
		<immunity invisible="1"/>
	</immunities>
	<loot>
		<item name="Small Emerald" countmax="3" chance="100000"/>
		<item name="Small Amethyst" countmax="3" chance="100000"/>
		<item name="Platinum Coin" countmax="3" chance="100000"/>
		<item name="Assassin Star" countmax="5" chance="100000"/>
		<item name="Great Spirit Potion" countmax="3" chance="100000"/>
		<item name="gold coin" countmax="60" chance="100000"/>
		<item name="gold coin" countmax="40" chance="100000"/>
		<item name="Small Ruby" countmax="3" chance="700"/>
		<item name="red Gem" countmax="3" chance="700"/>
		<item name="Onyx Arrow" countmax="3" chance="700"/>
		<item name="Small Topaz" countmax="3" chance="700"/>
		<item id="7633" chance="3300"/>
		<item name="Violet Gem" chance="300"/>
		<item name="Green Gem" chance="300"/>
		<item name="Damaged Armor Plates" countmax="3" chance="400"/>
		<item name="Falcon Crest" countmax="3" chance="400"/>
		<item name="Patch of Fine Cloth" chance="400"/>
		<item name="Falcon Coif" chance="60"/>
		<item name="Falcon Bow" chance="60"/>
	</loot>
</monster>
