<?xml version="1.0" encoding="UTF-8"?>
<monster name="Guardian of Tales" nameDescription="a guardian of tales" race="undead" experience="9204" speed="420">
	<health now="15000" max="15000"/>
	<look type="1063" head="92" body="54" legs="0" feet="79" addons="3" corpse="32470"/>
<targetchange interval="5000" chance="8"/>
	<flags>
		<flag summonable="0"/>
		<flag attackable="1"/>
		<flag hostile="1"/>
		<flag illusionable="0"/>
		<flag convinceable="0"/>
		<flag pushable="0"/>
		<flag canpushitems="1"/>
		<flag canpushcreatures="1"/>
		<flag targetdistance="1"/>
		<flag staticattack="90"/>
		<flag runonhealth="0"/>
	</flags>
	<attacks>
		<attack name="melee" interval="2000" min="-200" max="-550"/>
	 	<attack name="energy" interval="2000" chance="13" radius="3" min="-200" max="-605">
			<attribute key="areaEffect" value="energyarea"/>
		</attack>
		<attack name="lifedrain" interval="2000" chance="10" length="5" spread="0" min="-375" max="-500">
			<attribute key="areaEffect" value="redshimmer"/>
		</attack>
		<attack name="fire" interval="2000" chance="12" radius="3" min="-400" max="-775">
			<attribute key="areaEffect" value="fire"/>
		</attack>
	</attacks>
	<defenses armor="82" defense="40"/>
	<elements>
		<element icePercent="50"/>
		<element earthPercent="30"/>
		<element holyPercent="50"/>
		<element firePercent="80"/>
		<element energyPercent="50"/>
		<element deathPercent="50"/>
	</elements>
	<immunities>
		<immunity invisible="1"/>
	</immunities>
	<loot>
	<item name="Platinum Coin" countmax="10" chance="10000"/>
		<item name="Book Page" countmax="5" chance="10000"/>
		<item name="burnt Scroll" countmax="5" chance="10000"/>
		<item name="Glowing Rune" countmax="5" chance="10000"/>
		<item name="Small Diamond" countmax="5" chance="10000"/>
		<item name="Fire Axe" chance="250"/>
		<item name="Soul Orb" countmax="5" chance="260"/>
		<item name="Spellbook of Warding" chance="250"/>
		<item name="Wand of Inferno" chance="250"/>
		<item name="Fire Sword" chance="250"/>
		<item name="Magma Coat" chance="350"/>
		<item name="Magma Legs" chance="250"/>
		<item name="Piece of Hellfire Armor" countmax="5" chance="500"/>
		<item id="13757" countmax="5" chance="10000"/> <!-- coal -->
	</loot>
</monster>
