<?xml version="1.0" encoding="UTF-8"?>
<monster name="Ink Blob" nameDescription="an ink blob" race="undead" experience="14450" speed="380">
	<health now="9500" max="9500"/>
	<look type="1064" corpse="33345"/>
<targetchange interval="5000" chance="8"/>
	<flags>
		<flag summonable="0"/>
		<flag attackable="1"/>
		<flag hostile="1"/>
		<flag illusionable="0"/>
		<flag convinceable="0"/>
		<flag pushable="0"/>
		<flag canpushitems="1"/>
		<flag canpushcreatures="0"/>
		<flag targetdistance="1"/>
		<flag staticattack="85"/>
		<flag runonhealth="0"/>
		<flag canwalkonenergy="0"/>
		<flag canwalkonfire="0"/>
	</flags>
	<attacks>
		<attack name="melee" interval="2000" skill="45" attack="40" poison="280"/>
		<attack name="poisoncondition" interval="2000" chance="13" radius="4" target="0" min="-400" max="-580">
			<attribute key="areaEffect" value="poison"/>
		</attack>
		<attack name="poison" interval="2000" chance="11" radius="3" target="1" min="-285" max="-480">
			<attribute key="areaEffect" value="greenbubble"/>
			<attribute key="shootEffect" value="envenomedarrow"/>
		</attack>
		<attack name="poison" interval="2000" chance="10" range="7" target="1" min="-260" max="-505">
			<attribute key="areaEffect" value="poison"/>
			<attribute key="shootEffect" value="poison"/>
		</attack>
	</attacks>
	<defenses armor="15" defense="15">
		<defense name="healing" interval="2000" chance="5" min="20" max="30">
			<attribute key="areaEffect" value="blueshimmer"/>
		</defense>
	</defenses>
	<elements>
		<element physicalPercent="30"/>
		<element icePercent="10"/>
		<element firePercent="-10"/>
		<element holyPercent="-10"/>
		<element energyPercent="-10"/>
	</elements>
	<immunities>
		<immunity death="1"/>
		<immunity earth="1"/>
	</immunities>
	<loot>
<item name="Platinum Coin" countmax="4" chance="120000"/>
		<item name="Envenomed Arrow" countmax="14" chance="1200"/>
		<item id="33315" countmax="4" chance="1200"/>
		<item name="Poisonous Slime" countmax="4" chance="1200"/>
		<item name="Small Diamond" countmax="4" chance="1200"/>
 		<item name="Small Topaz" countmax="4" chance="1200"/>
		<item id="7633" countmax="4" chance="900"/>
		<item name="Blue Gem" countmax="4" chance="950"/>
		<item name="Terra Boots" countmax="4" chance="850"/>
		<item name="Terra Hood" countmax="4" chance="980"/>
		<item name="Protection Amulet" countmax="4" chance="1200"/>
		<item name="Sacred Tree Amulet" countmax="4" chance="1200"/>
		<item name="Springsprout Rod" countmax="4" chance="790"/>
		<item name="Stone Skin Amulet" countmax="4" chance="1200"/>
		<item name="Terra Legs" countmax="4" chance="650"/>
		<item name="Terra Mantle" countmax="4" chance="550"/>
		<item name="Clay Lump" countmax="4" chance="1200"/>
		<item name="Terra Amulet" countmax="4" chance="1200"/>
	</loot>
</monster>
