<?xml version="1.0" encoding="UTF-8"?>
<monster name="Lava Lurker Attendant" nameDescription="a lava lurker attendant" race="fire" experience="0" speed="350">
	<health now="3000" max="3000" />
	<look type="1041" corpse="31997" />
	<targetchange interval="5000" chance="8" />
	<flags>
		<flag summonable="0" />
		<flag attackable="1" />
		<flag hostile="1" />
		<flag illusionable="0" />
		<flag convinceable="0" />
		<flag pushable="0" />
		<flag canpushitems="1" />
		<flag canpushcreatures="1" />
		<flag targetdistance="1" />
		<flag canwalkonfire="1" />
		<flag staticattack="90" />
		<flag runonhealth="0" />
	</flags>
	<attacks>
		<attack name="melee" interval="2000" min="0" max="-200" />
		<attack name="fire" interval="1000" chance="12" radius="4"   min="90" max="-175">
			<attribute key="areaEffect" value="firearea" />
		</attack>
	</attacks>
	<defenses armor="28" defense="33" />
	<elements>
		<element icePercent="-1" />
	</elements>
	<immunities>
		<immunity invisible="1" />
	</immunities>
</monster>
