<?xml version="1.0" encoding="ISO-8859-1"?>
<monster name="Neutral deepling warrior" nameDescription="a neutral deepling warrior" race="blood" experience="1500" speed="290">
	<health now="1600" max="1600"/>
	<look type="441" corpse="15175"/>
	<targetchange interval="4000" chance="10"/>
	<flags>
		<flag summonable="0"/>
		<flag attackable="1"/>
		<flag hostile="1"/>
		<flag illusionable="0"/>
		<flag convinceable="0"/>
		<flag pushable="1"/>
		<flag canpushitems="1"/>
		<flag canpushcreatures="1"/>
		<flag targetdistance="0"/>
		<flag staticattack="70"/>
		<flag runonhealth="30"/>
		<flag canwalkonenergy="0"/>
		<flag canwalkonpoison="0"/>
	</flags>
	<attacks>
		<attack name="melee" interval="2000" min="0" max="-300"/>
		<attack name="physical" interval="2000" chance="20" range="7" target="1" min="0" max="-290">
			<attribute key="shootEffect" value="whirlwindaxe"/>
		</attack>
	</attacks>
	<defenses armor="25" defense="25">
		<defense name="healing" interval="2000" chance="15" min="50" max="150">
			<attribute key="areaEffect" value="blueshimmer"/>
		</defense>
	</defenses>
	<elements>
		<element earthPercent="-20"/>
		<element energyPercent="-10"/>
	</elements>
	<immunities>
		<immunity invisible="1"/>
		<immunity fire="1"/>
		<immunity ice="1"/>
		<immunity drown="1"/>
	</immunities>
</monster>
