<?xml version="1.0" encoding="UTF-8"?>
<monster name="Preceptor Lazare" nameDescription="Preceptor Lazare" race="blood" experience="9200" speed="210" script="rewardboss.lua">
	<health now="15000" max="15000"/>
	<look type="1078" corpse="33384"/>
	<targetchange interval="2000" chance="10"/>
	<flags>
		<flag rewardboss="1"/>
		<flag summonable="0"/>
		<flag attackable="1"/>
		<flag hostile="1"/>
		<flag illusionable="0"/>
		<flag convinceable="0"/>
		<flag pushable="0"/>
		<flag canpushitems="1"/>
		<flag canpushcreatures="1"/>
		<flag targetdistance="1"/>
		<flag staticattack="90"/>
		<flag runonhealth="0"/>
		<flag canwalkonenergy="0"/>
		<flag canwalkonfire="0"/>
		<flag canwalkonpoison="0"/>
	</flags>
	<attacks>
		<attack name="melee" interval="2000" min="-200" max="-700"/>
		<attack name="physical" interval="1400" chance="20" range="7" min="-200" max="-800">
			<attribute key="shootEffect" value="infernalbolt"/>
		</attack>
		<attack name="physical" interval="1500" chance="20" range="7" min="-300" max="-1100">
			<attribute key="shootEffect" value="powerbolt"/>
		</attack>
			<attack name="physical" interval="1600" chance="20" range="7" min="-100" max="-720">
			<attribute key="shootEffect" value="energyball"/>
		</attack>
		<attack name="holy" interval="1500" chance="14" range="7" radius="4" min="-300" max="-1000">
			<attribute key="areaEffect" value="holydamage"/>
		</attack>
	</attacks>
	<defenses armor="86" defense="60">
		<defense name="healing" interval="1500" chance="20" min="200" max="800">
			<attribute key="areaEffect" value="blueshimmer"/>
		</defense>
	</defenses>
	<elements>
		<element physicalPercent="50"/>
		<element holyPercent="5"/>
		<element deathPercent="55"/>
	</elements>
	<immunities>
		<immunity paralyze="1"/>
		<immunity invisible="1"/>
	</immunities>
	<loot>
		<item name="Small Emerald" countmax="3" chance="100000"/>
		<item name="Small Diamond" countmax="3" chance="100000"/>
		<item name="Small Amethyst" countmax="3" chance="100000"/>
		<item name="Platinum Coin" countmax="3" chance="100000"/>
		<item name="Assassin Star" countmax="5" chance="100000"/>
		<item name="Great Mana Potion" countmax="3" chance="100000"/>
		<item name="Great Health Potion" countmax="3" chance="100000"/>
		<item name="gold coin" countmax="60" chance="100000"/>
		<item name="gold coin" countmax="40" chance="100000"/>
		<item name="Soul Orb" countmax="5" chance="100000"/>
		<item name="Demonic Essence" countmax="5" chance="100000"/>
		<item name="Ham" countmax="2" chance="100000"/>
		<item name="Small Ruby" countmax="3" chance="700"/>
		<item name="red Gem" countmax="3" chance="700"/>
		<item name="Onyx Arrow" countmax="3" chance="700"/>
		<item name="Small Topaz" countmax="3" chance="700"/>
		<item name="Small Diamond" countmax="3" chance="7"/>
		<item id="7633" chance="800"/>
		<item name="Violet Gem" chance="600"/>
		<item name="Green Gem" chance="600"/>
		<item name="Knight Armor" chance="600"/>
		<item name="Titan Axe" chance="600"/>
		<item name="Spiked Squelcher" chance="600"/>
		<item name="Patch of Fine Cloth" countmax="3" chance="500"/>
		<item name="Golden Armor" chance="250"/>
		<item name="Mastermind Shield" chance="200"/>
		<item name="Falcon Rod" chance="100"/>
		<item name="Falcon Greaves" chance="100"/>
	</loot>
</monster>
