<?xml version="1.0" encoding="ISO-8859-1"?>
<monster name="Skeleton Elite Warrior" nameDescription="a skeleton elite warrior" race="undead" experience="7500" speed="155" manacost="350">
	<health now="7800" max="7800"/>
	<look type="298" corpse="5972"/>
	<targetchange interval="4000" chance="0"/>
	<flags>
		<flag summonable="1"/>
		<flag attackable="1"/>
		<flag hostile="1"/>
		<flag illusionable="0"/>
		<flag convinceable="1"/>
		<flag pushable="0"/>
		<flag canpushitems="0"/>
		<flag canpushcreatures="0"/>
		<flag targetdistance="1"/>
		<flag staticattack="90"/>
		<flag runonhealth="0"/>
		<flag canwalkonenergy="0"/>
		<flag canwalkonfire="0"/>
		<flag canwalkonpoison="0"/>
	</flags>
	<attacks>
		<attack name="melee" interval="2000" min="-100" max="-300"/>
		<attack name="lifedrain" interval="2000" chance="15" range="1" min="-300" max="-450">
			<attribute key="areaEffect" value="redshimmer"/>
		</attack>
				<attack name="physical" interval="1500" chance="20" range="7" min="-300" max="-450">
			<attribute key="shootEffect" value="suddendeath"/>
			<attribute key="areaEffect" value="mortarea"/>
		</attack>
	</attacks>
	<defenses armor="75" defense="15"/>
	<elements>
		<element holyPercent="-5"/>
	</elements>
	<immunities>
		<immunity death="1"/>
	</immunities>
	<loot>
<!--Comum -->
		<item name="Platinum Coin" countmax="15" chance="43500"/>
		<item id="2230" chance="50000"/><!-- bone -->
		<item name="white mushroom" countmax="3" chance="24000"/>
		<item name="Soul Orb" countmax="5" chance="43500"/>
<!--Incomum-->
		<item name="Knight Axe" chance="250"/>
		<item name="pelvis bone" countmax="10" chance="10630"/>
		<item name="Unholy Bone" countmax="5" chance="10630"/>
<!--Semi-raro-->
		<item name="Skull Helmet" chance="150"/>
<!--Muito-raro -->
		<item name="Ruthless Axe" chance="150"/>
	</loot>
</monster>
