<?xml version="1.0" encoding="ISO-8859-1"?>
<monster name="Sandstone Scorpion" nameDescription="a sandstone scorpion" race="undead" experience="680" speed="220">
	<health now="900" max="900" />
	<look type="398" corpse="13501" />
	<targetchange interval="4000" chance="10" />
	<flags>
		<flag summonable="0" />
		<flag attackable="1" />
		<flag hostile="1" />
		<flag illusionable="0" />
		<flag convinceable="0" />
		<flag pushable="0" />
		<flag canpushitems="1" />
		<flag canpushcreatures="1" />
		<flag targetdistance="1" />
		<flag staticattack="90" />
		<flag runonhealth="0" />
		<flag canwalkonenergy="0" />
		<flag canwalkonfire="1" />
		<flag canwalkonpoison="1" />
	</flags>
	<attacks>
		<attack name="melee" interval="2000" min="0" max="-193" poison="1000" />
	</attacks>
	<defenses armor="42" defense="0">
		<defense name="healing" interval="2000" chance="10" min="60" max="100">
			<attribute key="areaEffect" value="blueshimmer" />
		</defense>
	</defenses>
	<elements>
		<element firePercent="50" />
		<element holyPercent="-1" />
		<element icePercent="-5" />
		<element energyPercent="-10" />
	</elements>
	<immunities>
		<immunity earth="1" />
		<immunity invisible="1" />
	</immunities>
	<voices interval="5000" chance="10">
		<voice sentence="*rattle*" />
		<voice sentence="*tak tak*" />
		<voice sentence="*tak tak tak*" />
	</voices>
	<loot>
		<item name="gold coin" countmax="128" chance="92590" />
		<item name="small emerald" countmax="2" chance="1100" />
		<item name="platinum coin" countmax="2" chance="10750" />
		<item name="daramian mace" chance="5100" />
		<item name="steel helmet" chance="4620" />
		<item name="black shield" chance="1820" />
		<item name="fist on a stick" chance="1020" />
	</loot>
</monster>
